<?xml version="1.0" encoding="UTF-8"?>

<project default="build_dll" basedir="../../..">

<target name="init">
	<tstamp/>
    <property name="fragment_dir" value="${basedir}/../org.eclipse.swt.win32" />
    <property name="jar_destdir" value="${fragment_dir}/ws/win32" />
    <property name="dll_destdir" value="${fragment_dir}/os/win32/x86" />
    <property name="dll_ce_destdir" value="${fragment_dir}/os/win32-ce/arm" />
    <property name="bin_dir" value="${basedir}/bin" />
	
    <mkdir dir="${dll_destdir}" />
    <mkdir dir="${dll_ce_destdir}" />
</target>

<!-- Build swt.dll for Windows -->
<target name="build_win32_dll" depends="init">
	<exec dir="./bin/library" executable="${basedir}\bin\library\build.bat">
	</exec>
	<copy todir="${dll_destdir}">
		<fileset dir="${basedir}\bin\library\" includes="*.dll"/>
	</copy>
	<eclipse.refreshLocal resource="org.eclipse.swt.win32" depth="infinite" />	
</target>

<!-- Build swt.dll for Pocket PC -->
<target name="build_win32_ce_dll" depends="init">
	<exec dir="./bin/library" executable="${basedir}\bin\library\build-ce.bat">
	<arg line="clean"/>
	</exec>
	<exec dir="./bin/library" executable="${basedir}\bin\library\build-ce.bat">
	</exec>
	<copy todir="${dll_ce_destdir}">
		<fileset dir="${basedir}\bin\library\" includes="*.dll"/>
	</copy>
	<eclipse.refreshLocal resource="org.eclipse.swt.win32" depth="infinite" />
</target>

<!-- Build Windows and Pocket PC swt dlls -->
<!-- Output .dlls for these platforms into the org.eclipse.swt.win32/os directory -->
<!--        .log files from the compilers in the org.eclipse.swt/ directory       -->  
<target name="build_dll" depends="build_win32_dll,build_win32_ce_dll">
</target>

<target name="clean" depends="init">
	<exec dir="./bin/library" executable="${basedir}\bin\library\build.bat">
	<arg line="clean"/>
	</exec>
</target>

<target name="build" depends="init">
   	<eclipse.incrementalBuild project="${plugin}" kind="incr" />
</target>
	
<target name="build_jar" depends="build">
    <mkdir dir="${jar_destdir}" />
    <jar
        jarfile="${jar_destdir}/swt.jar"
        basedir="${bin_dir}"
    />
</target>
    
</project>